Model,MSE,RMSE,MAE,R² Score,Training Time (s)
Stacking Ensemble,52880.73021592756,229.9581053494909,128.5668472806322,0.9300433982716674,209.18355464935303
XGBoost,57425.633239374314,239.6364605801344,138.83061765520762,0.924030887298258,0.45999979972839355
Tuned XGBoost,59918.71248432491,244.78299059437302,144.45997490638365,0.920732760530643,0.6059978008270264
Voting Ensemble,64671.90293131238,254.30671035447017,145.04229804580436,0.9144447034315626,40.83562183380127
Random Forest,71791.14860913891,267.9387030817663,124.44100704800815,0.9050265612755025,36.52729392051697
Gradient Boosting,90273.17645325094,300.45494912424215,187.54208740033155,0.8805764476756516,3.990985631942749
Ridge Regression,113875.54739451739,337.45451159307,211.2732015948064,0.8493525659886845,0.11954998970031738
Linear Regression,130024.88922551929,360.58964104022635,240.24958773756103,0.8279883928762295,0.24221491813659668
Lasso Regression,138681.31419803412,372.3994014469332,223.29062415118963,0.8165366963561422,30.99738383293152
