,Model,R2 Score,Improvement (%)
0,Segmented (Weighted),0.981655665494652,4.26181676596646
1,Stacked Ensemble,0.9833161283998283,4.438174816198807
